{
  "1": 28.029388,
  "2": 28.107755,
  "3": 23.327347,
  "4": 17.789388,
  "5": 19.147755,
  "6": 18.050612,
  "7": 25.887347,
  "8": 33.724082,
  "9": 16.352653
}
